[{"model": "applications.status", "pk": 1, "fields": {"is_active": true, "name": "Черновик", "slug": "chernovik"}}, {"model": "applications.status", "pk": 2, "fields": {"is_active": true, "name": "одобрена", "slug": "odobrena"}}, {"model": "applications.status", "pk": 3, "fields": {"is_active": true, "name": "не одобрена", "slug": "ne-odobrena"}}, {"model": "applications.status", "pk": 4, "fields": {"is_active": true, "name": "На рассмотрении", "slug": "na-rassmotrenii"}}, {"model": "applications.movieportfolio", "pk": 1, "fields": {"festivals": "\"Галактика 35мм\" - лучший монтаж\r\n\"Взрослеем вместе\" - лауреат", "internet": "https://www.youtube.com/watch?v=_CoeKrghpa4&list=LL&index=5", "smi": "", "materials": "https://disk.yandex.ru/d/YFIfVKK-rgnBOA "}}, {"model": "applications.movieportfolio", "pk": 2, "fields": {"festivals": "-", "internet": "-", "smi": "-", "materials": "-"}}, {"model": "applications.movieportfolio", "pk": 3, "fields": {"festivals": "\"Галактика 35мм\" - лучший монтаж\r\n\"Взрослеем вместе\" - лауреат", "internet": "https://www.youtube.com/watch?v=_CoeKrghpa4&list=LL&index=5", "smi": "", "materials": "https://disk.yandex.ru/d/YFIfVKK-rgnBOA "}}, {"model": "applications.movieportfolio", "pk": 4, "fields": {"festivals": "1. Конкурс\r\n2. Вне конкурса\r\n3. Призы", "internet": "1. Конкурс\r\n2. Вне конкурса\r\n3. Призы", "smi": "1. Конкурс\r\n2. Вне конкурса\r\n3. Призы", "materials": "1. Конкурс\r\n2. Вне конкурса\r\n3. Призы"}}, {"model": "applications.movieportfolio", "pk": 5, "fields": {"festivals": "1. Конкурс\r\n2. Вне конкурса\r\n3. Призы", "internet": "1. Конкурс\r\n2. Вне конкурса\r\n3. Призы", "smi": "1. Конкурс\r\n2. Вне конкурса\r\n3. Призы", "materials": "1. Конкурс\r\n2. Вне конкурса\r\n3. Призы"}}, {"model": "applications.movieportfolio", "pk": 6, "fields": {"festivals": "\"Галактика 35мм\" - лучший монтаж\r\n\"Взрослеем вместе\" - лауреат", "internet": "https://www.youtube.com/watch?v=_CoeKrghpa4&list=LL&index=5", "smi": "", "materials": "https://disk.yandex.ru/d/YFIfVKK-rgnBOA "}}, {"model": "applications.movieportfolio", "pk": 7, "fields": {"festivals": "\"Галактика 35мм\" - лучший монтаж\r\n\"Взрослеем вместе\" - лауреат", "internet": "https://www.youtube.com/watch?v=_CoeKrghpa4&list=LL&index=5", "smi": "", "materials": "https://disk.yandex.ru/d/YFIfVKK-rgnBOA "}}, {"model": "applications.movieportfolio", "pk": 8, "fields": {"festivals": "\"Галактика 35мм\" - лучший монтаж\r\n\"Взрослеем вместе\" - лауреат", "internet": "https://www.youtube.com/watch?v=_CoeKrghpa4&list=LL&index=5", "smi": "", "materials": "https://disk.yandex.ru/d/YFIfVKK-rgnBOA "}}, {"model": "applications.movieportfolio", "pk": 9, "fields": {"festivals": "\"Галактика 35мм\" - лучший монтаж\r\n\"Взрослеем вместе\" - лауреат", "internet": "https://www.youtube.com/watch?v=_CoeKrghpa4&list=LL&index=5", "smi": "", "materials": "https://disk.yandex.ru/d/YFIfVKK-rgnBOA "}}, {"model": "applications.movieportfolio", "pk": 10, "fields": {"festivals": "\"Галактика 35мм\" - лучший монтаж\r\n\"Взрослеем вместе\" - лауреат", "internet": "https://www.youtube.com/watch?v=_CoeKrghpa4&list=LL&index=5", "smi": "", "materials": "https://disk.yandex.ru/d/YFIfVKK-rgnBOA "}}, {"model": "applications.copyrightinformation", "pk": 1, "fields": {"possessor": "-", "possessor_email": "marvel-2001@mail.ru", "phone": "-", "contact_email": "marvel-2001@mail.ru"}}, {"model": "applications.copyrightinformation", "pk": 2, "fields": {"possessor": "-", "possessor_email": "marvel-2001@mail.ru", "phone": "-", "contact_email": "marvel-2001@mail.ru"}}, {"model": "applications.copyrightinformation", "pk": 3, "fields": {"possessor": "Сысоев Юрий Николаевич", "possessor_email": "amarant-pro@mail.ru", "phone": "89161487407", "contact_email": "marvel-2001@mail.ru"}}, {"model": "applications.copyrightinformation", "pk": 4, "fields": {"possessor": "1. Конкурс\r\n2. Вне конкурса\r\n3. Призы", "possessor_email": "zico.13288@gmail.com", "phone": "+79053183634", "contact_email": "zico.13288@gmail.com"}}, {"model": "applications.copyrightinformation", "pk": 5, "fields": {"possessor": "1. Конкурс\r\n2. Вне конкурса\r\n3. Призы", "possessor_email": "zico.13288@gmail.com", "phone": "+79053183634", "contact_email": "zico.13288@gmail.com"}}, {"model": "applications.copyrightinformation", "pk": 6, "fields": {"possessor": "Сысоев Юрий Николаевич", "possessor_email": "amarant-pro@mail.ru", "phone": "89161487407", "contact_email": "marvel-2001@mail.ru"}}, {"model": "applications.copyrightinformation", "pk": 7, "fields": {"possessor": "Сысоев Юрий Николаевич", "possessor_email": "amarant-pro@mail.ru", "phone": "89161487407", "contact_email": "marvel-2001@mail.ru"}}, {"model": "applications.copyrightinformation", "pk": 8, "fields": {"possessor": "Сысоев Юрий Николаевич", "possessor_email": "amarant-pro@mail.ru", "phone": "89161487407", "contact_email": "marvel-2001@mail.ru"}}, {"model": "applications.copyrightinformation", "pk": 9, "fields": {"possessor": "Сысоев Юрий Николаевич", "possessor_email": "amarant-pro@mail.ru", "phone": "89161487407", "contact_email": "marvel-2001@mail.ru"}}, {"model": "applications.copyrightinformation", "pk": 10, "fields": {"possessor": "Сысоев Юрий Николаевич", "possessor_email": "amarant-pro@mail.ru", "phone": "89161487407", "contact_email": "marvel-2001@mail.ru"}}, {"model": "applications.moviecontract", "pk": 1, "fields": {"legal": true, "individual": false, "organization_name": "ИП ООО", "first_name": "Юмагулов ", "last_name": "Артур", "surname": "Ильгизович", "movie_name": "Рембо", "address": "zico.13288@gmail.com", "inn": "1616011428", "payroll": "1616011428", "bank": "Сбербанк", "bik": "1616011428", "correction": "1616011428", "created_date": "2024-10-10", "edit_date": "2024-10-10", "birthday": null, "passport_number": null}}, {"model": "applications.moviecontract", "pk": 2, "fields": {"legal": true, "individual": false, "organization_name": "ИП ООО", "first_name": "Юмагулов ", "last_name": "Артур", "surname": "Ильгизович", "movie_name": "Рембо", "address": "zico.13288@gmail.com", "inn": "1616011428", "payroll": "1616011428", "bank": "Сбербанк", "bik": "1616011428", "correction": "1616011428", "created_date": "2024-10-10", "edit_date": "2024-10-10", "birthday": null, "passport_number": null}}, {"model": "applications.moviecontract", "pk": 3, "fields": {"legal": false, "individual": true, "organization_name": null, "first_name": "1", "last_name": "1", "surname": "1", "movie_name": "1", "address": null, "inn": null, "payroll": null, "bank": null, "bik": null, "correction": null, "created_date": "2024-10-10", "edit_date": "2024-10-10", "birthday": "1990-01-01", "passport_number": "11"}}, {"model": "applications.moviecontract", "pk": 4, "fields": {"legal": false, "individual": true, "organization_name": null, "first_name": "1", "last_name": "1", "surname": "1", "movie_name": "1", "address": null, "inn": null, "payroll": null, "bank": null, "bik": null, "correction": null, "created_date": "2024-10-10", "edit_date": "2024-10-10", "birthday": "0011-01-01", "passport_number": "1"}}, {"model": "applications.movieapp", "pk": 3, "fields": {"user": 1, "status": 4, "name": "Встреча в лесу", "year": "2023", "rolled_certificate": "3454", "category": 3, "kind": 2, "timing": "00:14:45", "actors": "Андрей Богданов - Вася\r\nЮрий Миронцев - богатырь\r\nИлья Долгих - гусар\r\nАртём Мосин-Щепачёв - солдат", "age_limit": 5, "logline": "Отдыхая с друзьями в лесу, Вася отходит глубже в чащу и натыкается на трёх незнакомцев сидящих у костра – богатыря, гусара и советского солдата...", "debut": true, "music": true, "country": "russia", "other_country": "Армения", "other_region": null, "other_shooting_group": "-", "agreement_to_placement": true, "agreement_to_vote": true, "agreement_to_no_commerce_show": true, "created_date": "2024-10-10", "edit_date": "2024-10-10", "portfolio": 8, "copyright_information": 8, "contract": 3, "shooting_group": [], "genre": [3, 10, 33, 32], "regions": [13, 19]}}, {"model": "applications.movieapp", "pk": 4, "fields": {"user": 1, "status": 4, "name": "Встреча в лесу", "year": "2023", "rolled_certificate": "3454", "category": 3, "kind": 2, "timing": "00:14:45", "actors": "Андрей Богданов - Вася\r\nЮрий Миронцев - богатырь\r\nИлья Долгих - гусар\r\nАртём Мосин-Щепачёв - солдат", "age_limit": 5, "logline": "Отдыхая с друзьями в лесу, Вася отходит глубже в чащу и натыкается на трёх незнакомцев сидящих у костра – богатыря, гусара и советского солдата...", "debut": true, "music": true, "country": "russia", "other_country": "Армения", "other_region": null, "other_shooting_group": "-", "agreement_to_placement": true, "agreement_to_vote": true, "agreement_to_no_commerce_show": true, "created_date": "2024-10-10", "edit_date": "2024-10-10", "portfolio": 10, "copyright_information": 10, "contract": 4, "shooting_group": [], "genre": [3, 10, 33, 32], "regions": [13, 19]}}, {"model": "applications.specialistapp", "pk": 8, "fields": {"user": 1, "first_name": "Марк", "last_name": "Великанов", "other_speciality": "", "portfolio": "https://www.kinopoisk.ru/name/7198525/?ysclid=lrc8eoar11965830691", "city": "Москва", "phone": "89161487407", "email": "marvel-2001@mail.ru", "social_link": "https://vk.com/mark_velikanov", "descriptions": null, "status": 4, "biography": "https://www.kinopoisk.ru/name/7198525/?ysclid=lrc8eoar11965830691", "created_date": "2024-10-10", "edit_date": "2024-10-10", "region": [1], "speciality": [14, 17, 19]}}, {"model": "applications.specialistapp", "pk": 9, "fields": {"user": 1, "first_name": "Пупкин Вася", "last_name": "Пупкин Вася", "other_speciality": "Пупкин Вася", "portfolio": "Пупкин Вася", "city": "Высокая гора 2", "phone": "+79991571663", "email": "test@mail.com", "social_link": "Пупкин Вася", "descriptions": null, "status": 4, "biography": "Пупкин Вася", "created_date": "2024-10-10", "edit_date": "2024-10-10", "region": [2, 3], "speciality": [2, 3]}}, {"model": "applications.specialistapp", "pk": 10, "fields": {"user": 1, "first_name": "Пупкин Вася", "last_name": "Пупкин Вася", "other_speciality": "Пупкин Вася", "portfolio": "Пупкин Вася", "city": "Высокая гора 2", "phone": "+79991571663", "email": "test@mail.com", "social_link": "Пупкин Вася", "descriptions": null, "status": 4, "biography": "Пупкин Вася", "created_date": "2024-10-10", "edit_date": "2024-10-10", "region": [2, 3], "speciality": [2, 3]}}, {"model": "applications.specialistapp", "pk": 11, "fields": {"user": 1, "first_name": "Марк", "last_name": "Великанов", "other_speciality": "", "portfolio": "https://www.kinopoisk.ru/name/7198525/?ysclid=lrc8eoar11965830691", "city": "Москва", "phone": "89161487407", "email": "marvel-2001@mail.ru", "social_link": "https://vk.com/mark_velikanov", "descriptions": null, "status": 4, "biography": "https://www.kinopoisk.ru/name/7198525/?ysclid=lrc8eoar11965830691", "created_date": "2024-10-10", "edit_date": "2024-10-10", "region": [1], "speciality": [14, 17, 19]}}, {"model": "applications.specialistapp", "pk": 12, "fields": {"user": 1, "first_name": "Марк", "last_name": "Великанов", "other_speciality": "", "portfolio": "https://www.kinopoisk.ru/name/7198525/?ysclid=lrc8eoar11965830691", "city": "Москва", "phone": "89161487407", "email": "marvel-2001@mail.ru", "social_link": "https://vk.com/mark_velikanov", "descriptions": null, "status": 4, "biography": "https://www.kinopoisk.ru/name/7198525/?ysclid=lrc8eoar11965830691", "created_date": "2024-10-10", "edit_date": "2024-10-10", "region": [1], "speciality": [14, 17, 19]}}, {"model": "applications.specialistapp", "pk": 13, "fields": {"user": 1, "first_name": "Марк", "last_name": "Великанов", "other_speciality": "", "portfolio": "https://www.kinopoisk.ru/name/7198525/?ysclid=lrc8eoar11965830691", "city": "Москва", "phone": "89161487407", "email": "marvel-2001@mail.ru", "social_link": "https://vk.com/mark_velikanov", "descriptions": null, "status": 4, "biography": "https://www.kinopoisk.ru/name/7198525/?ysclid=lrc8eoar11965830691", "created_date": "2024-10-10", "edit_date": "2024-10-10", "region": [1], "speciality": [14, 17, 19]}}, {"model": "applications.specialistapp", "pk": 14, "fields": {"user": 1, "first_name": "Пупкин Вася", "last_name": "Пупкин Вася", "other_speciality": "Пупкин Вася", "portfolio": "Пупкин Вася", "city": "Высокая гора 2", "phone": "+79991571663", "email": "test@mail.com", "social_link": "Пупкин Вася", "descriptions": null, "status": 4, "biography": "Пупкин Вася", "created_date": "2024-10-10", "edit_date": "2024-10-10", "region": [2, 3], "speciality": [2, 3]}}, {"model": "applications.specialistapp", "pk": 15, "fields": {"user": 1, "first_name": "Пупкин Вася", "last_name": "Пупкин Вася", "other_speciality": "Пупкин Вася", "portfolio": "Пупкин Вася", "city": "Высокая гора 2", "phone": "+79991571663", "email": "test@mail.com", "social_link": "Пупкин Вася", "descriptions": null, "status": 4, "biography": "Пупкин Вася", "created_date": "2024-10-10", "edit_date": "2024-10-10", "region": [2, 3], "speciality": [2, 3]}}, {"model": "applications.specialistapp", "pk": 16, "fields": {"user": 1, "first_name": "Марк", "last_name": "Великанов", "other_speciality": "", "portfolio": "https://www.kinopoisk.ru/name/7198525/?ysclid=lrc8eoar11965830691", "city": "Москва", "phone": "89161487407", "email": "marvel-2001@mail.ru", "social_link": "https://vk.com/mark_velikanov", "descriptions": null, "status": 4, "biography": "https://www.kinopoisk.ru/name/7198525/?ysclid=lrc8eoar11965830691", "created_date": "2024-10-10", "edit_date": "2024-10-10", "region": [1], "speciality": [14, 17, 19]}}, {"model": "applications.specialistapp", "pk": 17, "fields": {"user": 1, "first_name": "Пупкин Вася", "last_name": "Пупкин Вася", "other_speciality": "Пупкин Вася", "portfolio": "Пупкин Вася", "city": "Высокая гора 2", "phone": "+79991571663", "email": "test@mail.com", "social_link": "Пупкин Вася", "descriptions": null, "status": 4, "biography": "Пупкин Вася", "created_date": "2024-10-10", "edit_date": "2024-10-10", "region": [2, 3], "speciality": [2, 3]}}, {"model": "applications.specialistapp", "pk": 18, "fields": {"user": 1, "first_name": "Марк", "last_name": "Великанов", "other_speciality": "", "portfolio": "https://www.kinopoisk.ru/name/7198525/?ysclid=lrc8eoar11965830691", "city": "Москва", "phone": "89161487407", "email": "marvel-2001@mail.ru", "social_link": "https://vk.com/mark_velikanov", "descriptions": null, "status": 4, "biography": "https://www.kinopoisk.ru/name/7198525/?ysclid=lrc8eoar11965830691", "created_date": "2024-10-10", "edit_date": "2024-10-10", "region": [1], "speciality": [14, 17, 19]}}, {"model": "applications.specialistapp", "pk": 19, "fields": {"user": 1, "first_name": "Марк", "last_name": "Великанов", "other_speciality": "", "portfolio": "https://www.kinopoisk.ru/name/7198525/?ysclid=lrc8eoar11965830691", "city": "Москва", "phone": "89161487407", "email": "marvel-2001@mail.ru", "social_link": "https://vk.com/mark_velikanov", "descriptions": null, "status": 4, "biography": "https://www.kinopoisk.ru/name/7198525/?ysclid=lrc8eoar11965830691", "created_date": "2024-10-10", "edit_date": "2024-10-10", "region": [1], "speciality": [14, 17, 19]}}, {"model": "applications.specialistapp", "pk": 20, "fields": {"user": 1, "first_name": "Марк", "last_name": "Великанов", "other_speciality": "BEst-Boy", "portfolio": "https://www.kinopoisk.ru/name/7198525/?ysclid=lrc8eoar11965830691", "city": "Москва", "phone": "89161487407", "email": "marvel-2001@mail.ru", "social_link": "https://vk.com/mark_velikanov", "descriptions": null, "status": 4, "biography": "https://www.kinopoisk.ru/name/7198525/?ysclid=lrc8eoar11965830691", "created_date": "2024-10-10", "edit_date": "2024-10-10", "region": [1], "speciality": [14, 17, 19]}}, {"model": "applications.invitespecialists", "pk": 1, "fields": {"email": "zico.13288@gmail.com", "user": 1, "first_name": "Пупкин Вася", "last_name": "Пупкин Вася", "who_is": "Пупкин Вася", "accept": false, "created_date": "2024-10-10", "edit_date": "2024-10-10"}}, {"model": "applications.invitespecialists", "pk": 2, "fields": {"email": "zico.13288@gmail.com", "user": 1, "first_name": "Пупкин Вася", "last_name": "Пупкин Вася", "who_is": "Пупкин Вася", "accept": false, "created_date": "2024-10-10", "edit_date": "2024-10-10"}}, {"model": "movies.shootinggroupspecialist", "pk": 1, "fields": {"is_active": true, "name": "Режиссер-постановщик:", "slug": "stage-director"}}, {"model": "movies.shootinggroupspecialist", "pk": 2, "fields": {"is_active": true, "name": "Продюссер", "slug": "producer"}}, {"model": "movies.shootinggroupspecialist", "pk": 3, "fields": {"is_active": true, "name": "Сценарист", "slug": "screenwriter"}}, {"model": "movies.shootinggroupspecialist", "pk": 4, "fields": {"is_active": true, "name": "Композитор", "slug": "compositor"}}, {"model": "movies.shootinggroupspecialist", "pk": 5, "fields": {"is_active": true, "name": "Оператор", "slug": "operator"}}, {"model": "movies.shootinggroupspecialist", "pk": 6, "fields": {"is_active": true, "name": "Художник постановщик", "slug": "artistical_director"}}, {"model": "movies.shootinggroupspecialist", "pk": 7, "fields": {"is_active": true, "name": "Художник по костюмам", "slug": "costumer_designer"}}, {"model": "movies.genre", "pk": 1, "fields": {"is_active": true, "name": "Вестерн", "group_1": true, "group_2": false, "slug": "vestern"}}, {"model": "movies.genre", "pk": 2, "fields": {"is_active": true, "name": "Детектив", "group_1": true, "group_2": false, "slug": "detektiv"}}, {"model": "movies.genre", "pk": 3, "fields": {"is_active": true, "name": "Драма", "group_1": true, "group_2": true, "slug": "drama"}}, {"model": "movies.genre", "pk": 4, "fields": {"is_active": true, "name": "Драмеди", "group_1": true, "group_2": false, "slug": "dramedi"}}, {"model": "movies.genre", "pk": 5, "fields": {"is_active": true, "name": "Комедия", "group_1": true, "group_2": false, "slug": "komediya"}}, {"model": "movies.genre", "pk": 6, "fields": {"is_active": true, "name": "Мелодрама", "group_1": true, "group_2": false, "slug": "melodrama"}}, {"model": "movies.genre", "pk": 7, "fields": {"is_active": true, "name": "Мокьюментари", "group_1": true, "group_2": false, "slug": "mokyumentari"}}, {"model": "movies.genre", "pk": 8, "fields": {"is_active": true, "name": "Мюзикл", "group_1": true, "group_2": false, "slug": "myuzikl"}}, {"model": "movies.genre", "pk": 9, "fields": {"is_active": true, "name": "Приключения", "group_1": true, "group_2": false, "slug": "priklyucheniya"}}, {"model": "movies.genre", "pk": 10, "fields": {"is_active": true, "name": "Притча", "group_1": true, "group_2": true, "slug": "pritcha"}}, {"model": "movies.genre", "pk": 11, "fields": {"is_active": true, "name": "Трагедия", "group_1": true, "group_2": false, "slug": "tragediya"}}, {"model": "movies.genre", "pk": 12, "fields": {"is_active": true, "name": "Трагикомедия", "group_1": true, "group_2": false, "slug": "tragikomediya"}}, {"model": "movies.genre", "pk": 13, "fields": {"is_active": true, "name": "Триллер", "group_1": true, "group_2": false, "slug": "triller"}}, {"model": "movies.genre", "pk": 14, "fields": {"is_active": true, "name": "Фантастика", "group_1": true, "group_2": false, "slug": "fantastika"}}, {"model": "movies.genre", "pk": 15, "fields": {"is_active": true, "name": "Фарс", "group_1": true, "group_2": false, "slug": "fars"}}, {"model": "movies.genre", "pk": 16, "fields": {"is_active": false, "name": "Фэнтези", "group_1": true, "group_2": false, "slug": "fentezi"}}, {"model": "movies.genre", "pk": 17, "fields": {"is_active": false, "name": "Хоррор", "group_1": true, "group_2": false, "slug": "horror"}}, {"model": "movies.genre", "pk": 18, "fields": {"is_active": true, "name": "Экранизация", "group_1": true, "group_2": false, "slug": "ekranizaciya"}}, {"model": "movies.genre", "pk": 19, "fields": {"is_active": true, "name": "Эпопея", "group_1": true, "group_2": false, "slug": "epopeya"}}, {"model": "movies.genre", "pk": 21, "fields": {"is_active": true, "name": "Дневник", "group_1": false, "group_2": true, "slug": "dnevnik"}}, {"model": "movies.genre", "pk": 22, "fields": {"is_active": true, "name": "Исследование", "group_1": false, "group_2": true, "slug": "issledovanie"}}, {"model": "movies.genre", "pk": 23, "fields": {"is_active": true, "name": "Мокьюментари", "group_1": false, "group_2": true, "slug": "mokyumentari"}}, {"model": "movies.genre", "pk": 24, "fields": {"is_active": true, "name": "Наблюдение", "group_1": false, "group_2": true, "slug": "nablyudenie"}}, {"model": "movies.genre", "pk": 25, "fields": {"is_active": true, "name": "Научно-популярный", "group_1": false, "group_2": true, "slug": "nauchno-populyarnyj"}}, {"model": "movies.genre", "pk": 26, "fields": {"is_active": true, "name": "Портрет", "group_1": false, "group_2": true, "slug": "portret"}}, {"model": "movies.genre", "pk": 28, "fields": {"is_active": true, "name": "Прогулка", "group_1": false, "group_2": true, "slug": "progulka"}}, {"model": "movies.genre", "pk": 29, "fields": {"is_active": true, "name": "Путешествие", "group_1": false, "group_2": true, "slug": "puteshestvie"}}, {"model": "movies.genre", "pk": 30, "fields": {"is_active": true, "name": "Расследование", "group_1": false, "group_2": true, "slug": "rassledovanie"}}, {"model": "movies.genre", "pk": 31, "fields": {"is_active": true, "name": "Репортаж", "group_1": false, "group_2": true, "slug": "reportazh"}}, {"model": "movies.genre", "pk": 32, "fields": {"is_active": true, "name": "Хроника", "group_1": false, "group_2": true, "slug": "hronika"}}, {"model": "movies.genre", "pk": 33, "fields": {"is_active": true, "name": "Эссе", "group_1": false, "group_2": true, "slug": "esse"}}, {"model": "movies.kind", "pk": 1, "fields": {"is_active": true, "name": "Игровой", "slug": "igrovoj"}}, {"model": "movies.kind", "pk": 2, "fields": {"is_active": true, "name": "Документальный", "slug": "dokumentalnyj"}}, {"model": "movies.kind", "pk": 3, "fields": {"is_active": true, "name": "Анимационный", "slug": "animacionnyj"}}, {"model": "movies.category", "pk": 1, "fields": {"is_active": true, "name": "Игровой короткометражный фильм", "slug": "igrovoj-korotkometrazhnyj-film"}}, {"model": "movies.category", "pk": 2, "fields": {"is_active": true, "name": "Игровой полнометражный фильм", "slug": "igrovoj-polnometrazhnyj-film"}}, {"model": "movies.category", "pk": 3, "fields": {"is_active": true, "name": "Документальный короткометражный фильм", "slug": "dokumentalnyj-korotkometrazhnyj-film"}}, {"model": "movies.category", "pk": 4, "fields": {"is_active": true, "name": "Документальный полнометражный фильм", "slug": "dokumentalnyj-polnometrazhnyj-film"}}, {"model": "movies.category", "pk": 5, "fields": {"is_active": true, "name": "Анимационный фильм", "slug": "animacionnyj-film"}}, {"model": "movies.moviestatus", "pk": 1, "fields": {"is_active": true, "name": "Черновик", "show": true, "archive": true, "slug": "chernovik"}}, {"model": "movies.moviestatus", "pk": 2, "fields": {"is_active": true, "name": "На модерации", "show": true, "archive": false, "slug": "na-moderacii"}}, {"model": "movies.moviestatus", "pk": 3, "fields": {"is_active": true, "name": "Опубликовано", "show": false, "archive": false, "slug": "opublikovano"}}, {"model": "movies.agelimit", "pk": 1, "fields": {"is_active": true, "name": "0+", "description": "Фильм не содержит информацию, причиняющую вреда здоровью и (или) развитию детей и т.д.", "slug": "0"}}, {"model": "movies.agelimit", "pk": 2, "fields": {"is_active": true, "name": "6+", "description": "Фильм содержит ненатуралистические изображение или описание несчастного случая, аварии, катастрофы либо ненасильственной смерти без демонстрации их последствий, не побуждающие к совершению антиобщественных действий и т. д.", "slug": "6"}}, {"model": "movies.agelimit", "pk": 3, "fields": {"is_active": true, "name": "12+", "description": "Фильм не содержит эпизодические изображение или описание жестокости и (или) насилия (за исключением сексуального насилия) без натуралистического показа, не эксплуатирующие интереса к сексу и не носящие возбуждающего или оскорбительного характера и т. д.", "slug": "12"}}, {"model": "movies.agelimit", "pk": 4, "fields": {"is_active": true, "name": "16+", "description": "Фильм не содержит изображение или описание несчастного случая, аварии, катастрофы, заболевания, смерти без натуралистического показа их последствий, информацию о наркотических средствах или о психотропных и (или) об одурманивающих веществах, отдельные бранные слова и (или) выражения, не относящиеся к нецензурной брани и т.д.", "slug": "16"}}, {"model": "movies.agelimit", "pk": 5, "fields": {"is_active": true, "name": "18+", "description": "Фильм содержит информацию побуждающую детей к совершению действий, представляющих угрозу их жизни и (или) здоровью и. т.д", "slug": "18"}}, {"model": "movies.rollercertificate", "pk": 1, "fields": {"is_active": true, "name": "Есть", "slug": "est"}}, {"model": "movies.rollercertificate", "pk": 2, "fields": {"is_active": true, "name": "Нет", "slug": "net"}}, {"model": "movies.rollercertificate", "pk": 3, "fields": {"is_active": true, "name": "На данный момент получаем", "slug": "na-dannyj-moment-poluchaem"}}, {"model": "movies.movie", "pk": 9, "fields": {"user": 1, "is_active": false, "name": "Терминатор", "search_name": "терминатор", "image": "", "status": 1, "year": "2014", "category": 4, "kind": 3, "rolled_certificate": "Нет", "timing": "21:32:13", "actors": "Художник по свету - Виталий Волков\r\nРежиссер монтажа - Миляуша Давлетшина", "age_limit": 5, "descriptions": "Тест", "created_date": "2024-10-10", "edit_date": "2024-10-10", "vk_iframe": null, "close": false, "debut": true, "music": true, "country": "russia", "other_region": null, "trailer": null, "slug": "terminator-2014-9", "regions": [2, 3], "genre": [33, 32], "almanach": [], "director": [], "producer": [], "scenarist": [], "compositor": [], "operator": [], "artistical_director": [], "costumer_designer": [], "shooting_group": []}}, {"model": "movies.movie", "pk": 10, "fields": {"user": 1, "is_active": false, "name": "Терминатор", "search_name": "терминатор", "image": "", "status": 1, "year": "2014", "category": 4, "kind": 3, "rolled_certificate": "Нет", "timing": "21:32:13", "actors": "Художник по свету - Виталий Волков\r\nРежиссер монтажа - Миляуша Давлетшина", "age_limit": 5, "descriptions": "Тест", "created_date": "2024-10-10", "edit_date": "2024-10-10", "vk_iframe": null, "close": false, "debut": true, "music": true, "country": "russia", "other_region": null, "trailer": null, "slug": "terminator-2014-10", "regions": [2, 3], "genre": [33, 32], "almanach": [], "director": [], "producer": [], "scenarist": [], "compositor": [], "operator": [], "artistical_director": [], "costumer_designer": [], "shooting_group": []}}, {"model": "movies.movie", "pk": 11, "fields": {"user": 1, "is_active": false, "name": "Встреча в лесу", "search_name": "встреча в лесу", "image": "", "status": 1, "year": "2023", "category": 1, "kind": 1, "rolled_certificate": "На данный момент получаем", "timing": "00:14:45", "actors": "Андрей Богданов - Вася\r\nЮрий Миронцев - богатырь\r\nИлья Долгих - гусар\r\nАртём Мосин-Щепачёв - солдат", "age_limit": 3, "descriptions": "Отдыхая с друзьями в лесу, Вася отходит глубже в чащу и натыкается на трёх незнакомцев сидящих у костра – богатыря, гусара и советского солдата...", "created_date": "2024-10-10", "edit_date": "2024-10-10", "vk_iframe": null, "close": false, "debut": false, "music": false, "country": "russia", "other_region": null, "trailer": null, "slug": "", "regions": [1], "genre": [3, 10], "almanach": [], "director": [], "producer": [], "scenarist": [], "compositor": [], "operator": [], "artistical_director": [], "costumer_designer": [], "shooting_group": []}}, {"model": "movies.movie", "pk": 12, "fields": {"user": 1, "is_active": false, "name": "Встреча в лесу", "search_name": "встреча в лесу", "image": "", "status": 1, "year": "2023", "category": 1, "kind": 1, "rolled_certificate": "На данный момент получаем", "timing": "00:14:45", "actors": "Андрей Богданов - Вася\r\nЮрий Миронцев - богатырь\r\nИлья Долгих - гусар\r\nАртём Мосин-Щепачёв - солдат", "age_limit": 3, "descriptions": "Отдыхая с друзьями в лесу, Вася отходит глубже в чащу и натыкается на трёх незнакомцев сидящих у костра – богатыря, гусара и советского солдата...", "created_date": "2024-10-10", "edit_date": "2024-10-10", "vk_iframe": null, "close": false, "debut": false, "music": false, "country": "russia", "other_region": null, "trailer": null, "slug": "", "regions": [1], "genre": [3, 10], "almanach": [], "director": [], "producer": [], "scenarist": [], "compositor": [], "operator": [], "artistical_director": [], "costumer_designer": [], "shooting_group": []}}, {"model": "movies.movie", "pk": 13, "fields": {"user": 1, "is_active": false, "name": "Встреча в лесу", "search_name": "встреча в лесу", "image": "", "status": 1, "year": "2023", "category": 1, "kind": 1, "rolled_certificate": "На данный момент получаем", "timing": "00:14:45", "actors": "Андрей Богданов - Вася\r\nЮрий Миронцев - богатырь\r\nИлья Долгих - гусар\r\nАртём Мосин-Щепачёв - солдат", "age_limit": 3, "descriptions": "Отдыхая с друзьями в лесу, Вася отходит глубже в чащу и натыкается на трёх незнакомцев сидящих у костра – богатыря, гусара и советского солдата...", "created_date": "2024-10-10", "edit_date": "2024-10-10", "vk_iframe": null, "close": false, "debut": false, "music": false, "country": "russia", "other_region": null, "trailer": null, "slug": "vstrecha-v-lesu-2023-13", "regions": [1], "genre": [3, 10, 21], "almanach": [], "director": [], "producer": [], "scenarist": [], "compositor": [], "operator": [], "artistical_director": [], "costumer_designer": [], "shooting_group": []}}, {"model": "movies.movie", "pk": 14, "fields": {"user": 1, "is_active": false, "name": "Встреча в лесу", "search_name": "встреча в лесу", "image": "", "status": 1, "year": "2023", "category": 3, "kind": 2, "rolled_certificate": "3454", "timing": "00:14:45", "actors": "Андрей Богданов - Вася\r\nЮрий Миронцев - богатырь\r\nИлья Долгих - гусар\r\nАртём Мосин-Щепачёв - солдат", "age_limit": 5, "descriptions": "Отдыхая с друзьями в лесу, Вася отходит глубже в чащу и натыкается на трёх незнакомцев сидящих у костра – богатыря, гусара и советского солдата...", "created_date": "2024-10-10", "edit_date": "2024-10-10", "vk_iframe": null, "close": false, "debut": true, "music": true, "country": "russia", "other_region": null, "trailer": null, "slug": "vstrecha-v-lesu-2023-14", "regions": [13, 19], "genre": [3, 10, 33, 32], "almanach": [], "director": [], "producer": [], "scenarist": [], "compositor": [], "operator": [], "artistical_director": [], "costumer_designer": [], "shooting_group": []}}, {"model": "movies.movie", "pk": 15, "fields": {"user": 1, "is_active": false, "name": "Встреча в лесу", "search_name": "встреча в лесу", "image": "", "status": 1, "year": "2023", "category": 3, "kind": 2, "rolled_certificate": "3454", "timing": "00:14:45", "actors": "Андрей Богданов - Вася\r\nЮрий Миронцев - богатырь\r\nИлья Долгих - гусар\r\nАртём Мосин-Щепачёв - солдат", "age_limit": 5, "descriptions": "Отдыхая с друзьями в лесу, Вася отходит глубже в чащу и натыкается на трёх незнакомцев сидящих у костра – богатыря, гусара и советского солдата...", "created_date": "2024-10-10", "edit_date": "2024-10-10", "vk_iframe": null, "close": false, "debut": true, "music": true, "country": "russia", "other_region": null, "trailer": null, "slug": "vstrecha-v-lesu-2023-15", "regions": [13, 19], "genre": [3, 10, 33, 32], "almanach": [], "director": [], "producer": [], "scenarist": [], "compositor": [], "operator": [], "artistical_director": [], "costumer_designer": [], "shooting_group": []}}, {"model": "movies.movie", "pk": 16, "fields": {"user": 1, "is_active": false, "name": "Встреча в лесу", "search_name": "встреча в лесу", "image": "", "status": 1, "year": "2023", "category": 3, "kind": 2, "rolled_certificate": "3454", "timing": "00:14:45", "actors": "Андрей Богданов - Вася\r\nЮрий Миронцев - богатырь\r\nИлья Долгих - гусар\r\nАртём Мосин-Щепачёв - солдат", "age_limit": 5, "descriptions": "Отдыхая с друзьями в лесу, Вася отходит глубже в чащу и натыкается на трёх незнакомцев сидящих у костра – богатыря, гусара и советского солдата...", "created_date": "2024-10-10", "edit_date": "2024-10-10", "vk_iframe": null, "close": false, "debut": true, "music": true, "country": "russia", "other_region": null, "trailer": null, "slug": "vstrecha-v-lesu-2023-16", "regions": [13, 19], "genre": [3, 10, 33, 32], "almanach": [], "director": [], "producer": [], "scenarist": [], "compositor": [], "operator": [], "artistical_director": [], "costumer_designer": [], "shooting_group": []}}, {"model": "movies.movie", "pk": 17, "fields": {"user": 1, "is_active": false, "name": "Встреча в лесу", "search_name": "встреча в лесу", "image": "movie_image/Цвет_Гранатаp.mp4_snapshot_00.03.49_2024.10.10_20.17.21.jpg", "status": 1, "year": "2023", "category": 3, "kind": 2, "rolled_certificate": "3454", "timing": "00:14:45", "actors": "Андрей Богданов - Вася\r\nЮрий Миронцев - богатырь\r\nИлья Долгих - гусар\r\nАртём Мосин-Щепачёв - солдат", "age_limit": 5, "descriptions": "Отдыхая с друзьями в лесу, Вася отходит глубже в чащу и натыкается на трёх незнакомцев сидящих у костра – богатыря, гусара и советского солдата...", "created_date": "2024-10-10", "edit_date": "2024-10-11", "vk_iframe": null, "close": false, "debut": true, "music": true, "country": "russia", "other_region": null, "trailer": null, "slug": "vstrecha-v-lesu-2023-17", "regions": [13, 19], "genre": [3, 10, 33, 32], "almanach": [], "director": [], "producer": [], "scenarist": [], "compositor": [], "operator": [], "artistical_director": [], "costumer_designer": [], "shooting_group": []}}, {"model": "regions.region", "pk": 1, "fields": {"is_active": true, "name": "Москва", "other": false, "slug": "moskva"}}, {"model": "regions.region", "pk": 2, "fields": {"is_active": true, "name": "Санкт-Петербург", "other": false, "slug": "sankt-peterburg"}}, {"model": "regions.region", "pk": 3, "fields": {"is_active": true, "name": "Республика Адыгея", "other": false, "slug": "respublika-adygeya"}}, {"model": "regions.region", "pk": 4, "fields": {"is_active": true, "name": "Республика Алтай", "other": false, "slug": "respublika-altay"}}, {"model": "regions.region", "pk": 5, "fields": {"is_active": true, "name": "Республика Башкортостан", "other": false, "slug": "respublika-bashkortostan"}}, {"model": "regions.region", "pk": 6, "fields": {"is_active": true, "name": "Республика Бурятия", "other": false, "slug": "respublika-buryatiya"}}, {"model": "regions.region", "pk": 7, "fields": {"is_active": true, "name": "Республика Дагестан", "other": false, "slug": "respublika-dagestan"}}, {"model": "regions.region", "pk": 8, "fields": {"is_active": true, "name": "Республика Ингушетия", "other": false, "slug": "respublika-ingushetiya"}}, {"model": "regions.region", "pk": 9, "fields": {"is_active": true, "name": "Кабардино-Балкарская Республика", "other": false, "slug": "kabardino-balkarskaya-respublika"}}, {"model": "regions.region", "pk": 10, "fields": {"is_active": true, "name": "Республика Калмыкия", "other": false, "slug": "respublika-kalmykiya"}}, {"model": "regions.region", "pk": 11, "fields": {"is_active": true, "name": "Карачаево-Черкесская Республика", "other": false, "slug": "karachayevo-cherkesskaya-respublika"}}, {"model": "regions.region", "pk": 12, "fields": {"is_active": true, "name": "Республика Карелия", "other": false, "slug": "respublika-kareliya"}}, {"model": "regions.region", "pk": 13, "fields": {"is_active": true, "name": "Республика Коми", "other": false, "slug": "respublika-komi"}}, {"model": "regions.region", "pk": 14, "fields": {"is_active": true, "name": "Республика Крым", "other": false, "slug": "respublika-krym"}}, {"model": "regions.region", "pk": 15, "fields": {"is_active": true, "name": "Республика Марий Эл", "other": false, "slug": "respublika-mariy-el"}}, {"model": "regions.region", "pk": 16, "fields": {"is_active": true, "name": "Республика Мордовия", "other": false, "slug": "respublika-mordoviya"}}, {"model": "regions.region", "pk": 17, "fields": {"is_active": true, "name": "Республика Саха (Якутия)", "other": false, "slug": "respublika-sakha-yakutiya"}}, {"model": "regions.region", "pk": 18, "fields": {"is_active": true, "name": "Республика Северная Осетия — Алания", "other": false, "slug": "respublika-severnaya-osetiya-alaniya"}}, {"model": "regions.region", "pk": 19, "fields": {"is_active": true, "name": "Республика Татарстан", "other": false, "slug": "respublika-tatarstan"}}, {"model": "regions.region", "pk": 20, "fields": {"is_active": true, "name": "Республика Тыва", "other": false, "slug": "respublika-tyva"}}, {"model": "regions.region", "pk": 21, "fields": {"is_active": true, "name": "Удмуртская Республика", "other": false, "slug": "udmurtskaya-respublika"}}, {"model": "regions.region", "pk": 22, "fields": {"is_active": true, "name": "Республика Хакасия", "other": false, "slug": "respublika-khakasiya"}}, {"model": "regions.region", "pk": 23, "fields": {"is_active": true, "name": "Чеченская Республика", "other": false, "slug": "chechenskaya-respublika"}}, {"model": "regions.region", "pk": 24, "fields": {"is_active": true, "name": "Чувашская Республика", "other": false, "slug": "chuvashskaya-respublika"}}, {"model": "regions.region", "pk": 25, "fields": {"is_active": true, "name": "Алтайский край", "other": false, "slug": "altayskiy-kray"}}, {"model": "regions.region", "pk": 26, "fields": {"is_active": true, "name": "Забайкальский край", "other": false, "slug": "zabaykalskiy-kray"}}, {"model": "regions.region", "pk": 27, "fields": {"is_active": true, "name": "Камчатский край", "other": false, "slug": "kamchatskiy-kray"}}, {"model": "regions.region", "pk": 28, "fields": {"is_active": true, "name": "Краснодарский край", "other": false, "slug": "krasnodarskiy-kray"}}, {"model": "regions.region", "pk": 29, "fields": {"is_active": true, "name": "Красноярский край", "other": false, "slug": "krasnoyarskiy-kray"}}, {"model": "regions.region", "pk": 30, "fields": {"is_active": true, "name": "Пермский край", "other": false, "slug": "permskiy-kray"}}, {"model": "regions.region", "pk": 31, "fields": {"is_active": true, "name": "Приморский край", "other": false, "slug": "primorskiy-kray"}}, {"model": "regions.region", "pk": 32, "fields": {"is_active": true, "name": "Ставропольский край", "other": false, "slug": "stavropolskiy-kray"}}, {"model": "regions.region", "pk": 33, "fields": {"is_active": true, "name": "Хабаровский край", "other": false, "slug": "khabarovskiy-kray"}}, {"model": "regions.region", "pk": 34, "fields": {"is_active": true, "name": "Амурская область", "other": false, "slug": "amurskaya-oblast"}}, {"model": "regions.region", "pk": 35, "fields": {"is_active": true, "name": "Архангельская область", "other": false, "slug": "arkhangelskaya-oblast"}}, {"model": "regions.region", "pk": 36, "fields": {"is_active": true, "name": "Астраханская область", "other": false, "slug": "astrakhanskaya-oblast"}}, {"model": "regions.region", "pk": 37, "fields": {"is_active": true, "name": "Белгородская область", "other": false, "slug": "belgorodskaya-oblast"}}, {"model": "regions.region", "pk": 38, "fields": {"is_active": true, "name": "Брянская область", "other": false, "slug": "bryanskaya-oblast"}}, {"model": "regions.region", "pk": 39, "fields": {"is_active": true, "name": "Владимирская область", "other": false, "slug": "vladimirskaya-oblast"}}, {"model": "regions.region", "pk": 40, "fields": {"is_active": true, "name": "Волгоградская область", "other": false, "slug": "volgogradskaya-oblast"}}, {"model": "regions.region", "pk": 41, "fields": {"is_active": true, "name": "Вологодская область", "other": false, "slug": "vologodskaya-oblast"}}, {"model": "regions.region", "pk": 42, "fields": {"is_active": true, "name": "Воронежская область", "other": false, "slug": "voronezhskaya-oblast"}}, {"model": "regions.region", "pk": 43, "fields": {"is_active": true, "name": "Ивановская область", "other": false, "slug": "ivanovskaya-oblast"}}, {"model": "regions.region", "pk": 44, "fields": {"is_active": true, "name": "Иркутская область", "other": false, "slug": "irkutskaya-oblast"}}, {"model": "regions.region", "pk": 45, "fields": {"is_active": true, "name": "Калининградская область", "other": false, "slug": "kaliningradskaya-oblast"}}, {"model": "regions.region", "pk": 46, "fields": {"is_active": true, "name": "Калужская область", "other": false, "slug": "kaluzhskaya-oblast"}}, {"model": "regions.region", "pk": 47, "fields": {"is_active": true, "name": "Кемеровская область", "other": false, "slug": "kemerovskaya-oblast"}}, {"model": "regions.region", "pk": 48, "fields": {"is_active": true, "name": "Кировская область", "other": false, "slug": "kirovskaya-oblast"}}, {"model": "regions.region", "pk": 49, "fields": {"is_active": true, "name": "Костромская область", "other": false, "slug": "kostromskaya-oblast"}}, {"model": "regions.region", "pk": 50, "fields": {"is_active": true, "name": "Курганская область", "other": false, "slug": "kurganskaya-oblast"}}, {"model": "regions.region", "pk": 51, "fields": {"is_active": true, "name": "Курская область", "other": false, "slug": "kurskaya-oblast"}}, {"model": "regions.region", "pk": 52, "fields": {"is_active": true, "name": "Ленинградская область", "other": false, "slug": "leningradskaya-oblast"}}, {"model": "regions.region", "pk": 53, "fields": {"is_active": true, "name": "Липецкая область", "other": false, "slug": "lipetskaya-oblast"}}, {"model": "regions.region", "pk": 54, "fields": {"is_active": true, "name": "Магаданская область", "other": false, "slug": "magadanskaya-oblast"}}, {"model": "regions.region", "pk": 55, "fields": {"is_active": true, "name": "Московская область", "other": false, "slug": "moskovskaya-oblast"}}, {"model": "regions.region", "pk": 56, "fields": {"is_active": true, "name": "Мурманская область", "other": false, "slug": "murmanskaya-oblast"}}, {"model": "regions.region", "pk": 57, "fields": {"is_active": true, "name": "Нижегородская область", "other": false, "slug": "nizhegorodskaya-oblast"}}, {"model": "regions.region", "pk": 58, "fields": {"is_active": true, "name": "Новгородская область", "other": false, "slug": "novgorodskaya-oblast"}}, {"model": "regions.region", "pk": 59, "fields": {"is_active": true, "name": "Новосибирская область", "other": false, "slug": "novosibirskaya-oblast"}}, {"model": "regions.region", "pk": 60, "fields": {"is_active": true, "name": "Омская область", "other": false, "slug": "omskaya-oblast"}}, {"model": "regions.region", "pk": 61, "fields": {"is_active": true, "name": "Оренбургская область", "other": false, "slug": "orenburgskaya-oblast"}}, {"model": "regions.region", "pk": 62, "fields": {"is_active": true, "name": "Орловская область", "other": false, "slug": "orlovskaya-oblast"}}, {"model": "regions.region", "pk": 63, "fields": {"is_active": true, "name": "Пензенская область", "other": false, "slug": "penzenskaya-oblast"}}, {"model": "regions.region", "pk": 64, "fields": {"is_active": true, "name": "Псковская область", "other": false, "slug": "pskovskaya-oblast"}}, {"model": "regions.region", "pk": 65, "fields": {"is_active": true, "name": "Ростовская область", "other": false, "slug": "rostovskaya-oblast"}}, {"model": "regions.region", "pk": 66, "fields": {"is_active": true, "name": "Рязанская область", "other": false, "slug": "ryazanskaya-oblast"}}, {"model": "regions.region", "pk": 67, "fields": {"is_active": true, "name": "Самарская область", "other": false, "slug": "samarskaya-oblast"}}, {"model": "regions.region", "pk": 68, "fields": {"is_active": true, "name": "Саратовская область", "other": false, "slug": "saratovskaya-oblast"}}, {"model": "regions.region", "pk": 69, "fields": {"is_active": true, "name": "Сахалинская область", "other": false, "slug": "sakhalinskaya-oblast"}}, {"model": "regions.region", "pk": 70, "fields": {"is_active": true, "name": "Свердловская область", "other": false, "slug": "sverdlovskaya-oblast"}}, {"model": "regions.region", "pk": 71, "fields": {"is_active": true, "name": "Смоленская область", "other": false, "slug": "smolenskaya-oblast"}}, {"model": "regions.region", "pk": 72, "fields": {"is_active": true, "name": "Тамбовская область", "other": false, "slug": "tambovskaya-oblast"}}, {"model": "regions.region", "pk": 73, "fields": {"is_active": true, "name": "Тверская область", "other": false, "slug": "tverskaya-oblast"}}, {"model": "regions.region", "pk": 74, "fields": {"is_active": true, "name": "Томская область", "other": false, "slug": "tomskaya-oblast"}}, {"model": "regions.region", "pk": 75, "fields": {"is_active": true, "name": "Тульская область", "other": false, "slug": "tulskaya-oblast"}}, {"model": "regions.region", "pk": 76, "fields": {"is_active": true, "name": "Тюменская область", "other": false, "slug": "tyumenskaya-oblast"}}, {"model": "regions.region", "pk": 77, "fields": {"is_active": true, "name": "Ульяновская область", "other": false, "slug": "ulyanovskaya-oblast"}}, {"model": "regions.region", "pk": 78, "fields": {"is_active": true, "name": "Челябинская область", "other": false, "slug": "chelyabinskaya-oblast"}}, {"model": "regions.region", "pk": 79, "fields": {"is_active": true, "name": "Ярославская область", "other": false, "slug": "yaroslavskaya-oblast"}}, {"model": "regions.region", "pk": 80, "fields": {"is_active": true, "name": "Севастополь", "other": false, "slug": "sevastopol"}}, {"model": "regions.region", "pk": 81, "fields": {"is_active": true, "name": "Еврейская автономная область", "other": false, "slug": "yevreyskaya-avtonomnaya-oblast"}}, {"model": "regions.region", "pk": 82, "fields": {"is_active": true, "name": "Ненецкий автономный округ", "other": false, "slug": "nenetskiy-avtonomnyy-okrug"}}, {"model": "regions.region", "pk": 83, "fields": {"is_active": true, "name": "Ханты-Мансийский автономный округ — Югра", "other": false, "slug": "khanty-mansiyskiy-avtonomnyy-okrug-yugra"}}, {"model": "regions.region", "pk": 84, "fields": {"is_active": true, "name": "Чукотский автономный округ", "other": false, "slug": "chukotskiy-avtonomnyy-okrug"}}, {"model": "regions.region", "pk": 85, "fields": {"is_active": true, "name": "Ямало-Ненецкий автономный округ", "other": false, "slug": "yamalo-nenetskiy-avtonomnyy-okrug"}}, {"model": "regions.speciality", "pk": 1, "fields": {"is_active": true, "name": "Аниматор", "slug": "animator"}}, {"model": "regions.speciality", "pk": 2, "fields": {"is_active": true, "name": "Ассистент по актёрам", "slug": "assistent-po-aktyoram"}}, {"model": "regions.speciality", "pk": 3, "fields": {"is_active": true, "name": "Бригадир массовых сцен", "slug": "brigadir-massovyh-scen"}}, {"model": "regions.speciality", "pk": 4, "fields": {"is_active": true, "name": "Второй режиссер", "slug": "vtoroj-rezhisser"}}, {"model": "regions.speciality", "pk": 5, "fields": {"is_active": true, "name": "Звукорежиссер площадки", "slug": "zvukorezhisser-ploshadki"}}, {"model": "regions.speciality", "pk": 6, "fields": {"is_active": true, "name": "Звукорежиссер пост-продакшена", "slug": "zvukorezhisser-post-prodakshena"}}, {"model": "regions.speciality", "pk": 7, "fields": {"is_active": true, "name": "Кастинг-директор", "slug": "kasting-direktor"}}, {"model": "regions.speciality", "pk": 8, "fields": {"is_active": true, "name": "Монтажёр", "slug": "montazhyor"}}, {"model": "regions.speciality", "pk": 9, "fields": {"is_active": true, "name": "Оператор коптера", "slug": "operator-koptera"}}, {"model": "regions.speciality", "pk": 10, "fields": {"is_active": true, "name": "Оператор-постановщик", "slug": "operator-postanovshik"}}, {"model": "regions.speciality", "pk": 11, "fields": {"is_active": true, "name": "Осветитель", "slug": "osvetitel"}}, {"model": "regions.speciality", "pk": 12, "fields": {"is_active": true, "name": "Помощник режиссера", "slug": "pomoshnik-rezhissera"}}, {"model": "regions.speciality", "pk": 13, "fields": {"is_active": true, "name": "Постановщик", "slug": "postanovshik"}}, {"model": "regions.speciality", "pk": 14, "fields": {"is_active": true, "name": "Продюсер", "slug": "prodyuser"}}, {"model": "regions.speciality", "pk": 15, "fields": {"is_active": true, "name": "Редактор", "slug": "redaktor"}}, {"model": "regions.speciality", "pk": 16, "fields": {"is_active": true, "name": "Режиссер монтажа", "slug": "rezhisser-montazha"}}, {"model": "regions.speciality", "pk": 17, "fields": {"is_active": true, "name": "Режиссер-постановщик", "slug": "rezhisser-postanovshik"}}, {"model": "regions.speciality", "pk": 18, "fields": {"is_active": true, "name": "Специалист по VFX", "slug": "specialist-po-vfx"}}, {"model": "regions.speciality", "pk": 19, "fields": {"is_active": true, "name": "Сценарист", "slug": "scenarist"}}, {"model": "regions.speciality", "pk": 20, "fields": {"is_active": true, "name": "Фокус-пуллер", "slug": "fokus-puller"}}, {"model": "regions.speciality", "pk": 21, "fields": {"is_active": true, "name": "Фотограф", "slug": "fotograf"}}, {"model": "regions.speciality", "pk": 22, "fields": {"is_active": true, "name": "Художник по гриму", "slug": "hudozhnik-po-grimu"}}, {"model": "regions.speciality", "pk": 23, "fields": {"is_active": true, "name": "Художник по костюмам", "slug": "hudozhnik-po-kostyumam"}}, {"model": "regions.speciality", "pk": 24, "fields": {"is_active": true, "name": "Художник-постановщик", "slug": "hudozhnik-postanovshik"}}]